File,Class
new_1_1.mat,0.99742184108706156
new_1_10.mat,0.007176670290691938
new_1_100.mat,0.99998267291649123
new_1_101.mat,0.97177115751781851
new_1_102.mat,0.71528202366487448
new_1_103.mat,0.7073432469771006
new_1_104.mat,0.99999978674659851
new_1_105.mat,0.98579646838637403
new_1_106.mat,0.23356522084661624
new_1_107.mat,0.67548081319795306
new_1_108.mat,0.99999944485504266
new_1_109.mat,0.88412214390076138
new_1_11.mat,0.93324342350276579
new_1_110.mat,0.82612655178362993
new_1_111.mat,0.97253252686137526
new_1_112.mat,0.15210563580968356
new_1_113.mat,0.99999999655497329
new_1_114.mat,0.084079761420706667
new_1_115.mat,0.73492315936995245
new_1_116.mat,0.26174174165502362
new_1_117.mat,0.9465294304502978
new_1_118.mat,0.061747825010123075
new_1_119.mat,0.67354644643939132
new_1_12.mat,0.67944282665393541
new_1_120.mat,0.90523114173672725
new_1_121.mat,0.97637625862203625
new_1_122.mat,0.98874986395818498
new_1_123.mat,0.94316439886121095
new_1_124.mat,0.97508025909612239
new_1_125.mat,0.55133193490433907
new_1_126.mat,0.99084367472943646
new_1_127.mat,0.99430415758687862
new_1_128.mat,0.99678200300592978
new_1_129.mat,0.89276492799255913
new_1_13.mat,0.77677352063598948
new_1_130.mat,0.35059273831472776
new_1_131.mat,0.99451651396289975
new_1_132.mat,0.62483362828236344
new_1_133.mat,0.99998489863964091
new_1_134.mat,0.82343211564697516
new_1_135.mat,0.3576250868811548
new_1_136.mat,0.98950401682794231
new_1_137.mat,0.14298563761354943
new_1_138.mat,0.64362801679434423
new_1_139.mat,0.9890069925553242
new_1_14.mat,0.42158129280558621
new_1_140.mat,0.89182442391617078
new_1_141.mat,0.67622147758891082
new_1_142.mat,0.83551002085665682
new_1_143.mat,0.98484172012393945
new_1_144.mat,0.99999918317531955
new_1_145.mat,0.94600439357154387
new_1_146.mat,0.83972860953601525
new_1_147.mat,0.77677352063598948
new_1_148.mat,0.17859626167710432
new_1_149.mat,0.97807962744009103
new_1_15.mat,0.89789440678645771
new_1_150.mat,0.53916975319848048
new_1_151.mat,0.99998483586603315
new_1_152.mat,0.66564673726150603
new_1_153.mat,0.99472482798900608
new_1_154.mat,0.65113792645972413
new_1_155.mat,0.19442475841964307
new_1_156.mat,0.64175960203242488
new_1_157.mat,0.82703666275446419
new_1_158.mat,0.51806621296464617
new_1_159.mat,0.65560530132954498
new_1_16.mat,0.95351393398417261
new_1_160.mat,0.98911154784927635
new_1_161.mat,0.98702519141430589
new_1_162.mat,0.60962949952918233
new_1_163.mat,0.86147492775293255
new_1_164.mat,0.76861756382074842
new_1_165.mat,0.91667144421594071
new_1_166.mat,0.82564327183828412
new_1_167.mat,0.77677352063598948
new_1_168.mat,0.99661556456517164
new_1_169.mat,0.99591646782401178
new_1_17.mat,0.99999999998742228
new_1_170.mat,0.21902731555120364
new_1_171.mat,0.33051196337653327
new_1_172.mat,0.49388531729412616
new_1_173.mat,0.076348398909840284
new_1_174.mat,0.93499862863656069
new_1_175.mat,0.80669004008136669
new_1_176.mat,0.98368124452002348
new_1_177.mat,0.77677352063598948
new_1_178.mat,0.93043038427301417
new_1_179.mat,0.16444067167992776
new_1_18.mat,0.77677352063598948
new_1_180.mat,0.42443210139637533
new_1_181.mat,0.98967691109385925
new_1_182.mat,0.99999978764125996
new_1_183.mat,0.18756606957160168
new_1_184.mat,0.00024993372108773464
new_1_185.mat,0.93431924894416374
new_1_186.mat,0.9999988741011665
new_1_187.mat,0.69239519248936032
new_1_188.mat,0.80115480783860127
new_1_189.mat,0.85419798715556094
new_1_19.mat,0.96739431687805688
new_1_190.mat,0.5
new_1_191.mat,0.68520238207490258
new_1_192.mat,0.25457325598587882
new_1_193.mat,0.98578722806133467
new_1_194.mat,0.38098740447577029
new_1_195.mat,0.8427613899120866
new_1_196.mat,0.76515724369154581
new_1_197.mat,0.64157857234257643
new_1_198.mat,0.40039024102328258
new_1_199.mat,0.99999111413101072
new_1_2.mat,0.99669537585047596
new_1_20.mat,0.77677352063598948
new_1_200.mat,0.80151836791955167
new_1_201.mat,0.97997889064960042
new_1_202.mat,0.96920683093278071
new_1_203.mat,0.8223067426241869
new_1_204.mat,0.99746472607204006
new_1_205.mat,0.99999999999984102
new_1_206.mat,0.92364240789166929
new_1_207.mat,0.18859654455606548
new_1_208.mat,0.80927920820996602
new_1_209.mat,0.77677352063598948
new_1_21.mat,0.99999999999996991
new_1_210.mat,0.20127735071391464
new_1_211.mat,0.86522715383428084
new_1_212.mat,0.96987850825768629
new_1_213.mat,0.99584511967665335
new_1_214.mat,0.19346727927918617
new_1_215.mat,0.99477325170802122
new_1_216.mat,0.93304896163704465
new_1_22.mat,0.93469494914825813
new_1_23.mat,0.021801466361784771
new_1_24.mat,0.75415226478291675
new_1_25.mat,0.69114542051210714
new_1_26.mat,0.99998385280275659
new_1_27.mat,0.89728220194973285
new_1_28.mat,0.3991956177162736
new_1_29.mat,0.99999979874439882
new_1_3.mat,0.99217295591246135
new_1_30.mat,0.47974852453170641
new_1_31.mat,0.95309417577828304
new_1_32.mat,0.24849842841455974
new_1_33.mat,0.40213229753839907
new_1_34.mat,0.77677352063598948
new_1_35.mat,0.77668668876770286
new_1_36.mat,0.9724311029564936
new_1_37.mat,0.83987638544957133
new_1_38.mat,0.39140961810298391
new_1_39.mat,0.99998902084120145
new_1_4.mat,0.89385240650243025
new_1_40.mat,0.44665323417269936
new_1_41.mat,0.090964414822918324
new_1_42.mat,0.95107168118702434
new_1_43.mat,0.92522145026211777
new_1_44.mat,0.99999999188018718
new_1_45.mat,0.99651843636593107
new_1_46.mat,0.99682984741333647
new_1_47.mat,0.8851633149395749
new_1_48.mat,0.97677807143965656
new_1_49.mat,0.60656207905023474
new_1_5.mat,0.99999913673251339
new_1_50.mat,0.79335890948529786
new_1_51.mat,0.47720218986356933
new_1_52.mat,0.97563262298891007
new_1_53.mat,0.61415091673363087
new_1_54.mat,0.62132195863848994
new_1_55.mat,0.99999942689406118
new_1_56.mat,0.88167928120296013
new_1_57.mat,0.18657582953821064
new_1_58.mat,0.79677958803932036
new_1_59.mat,0.6470376484780227
new_1_6.mat,0.94625243883311383
new_1_60.mat,0.75174960933993007
new_1_61.mat,0.61236601619407338
new_1_62.mat,0.84727401067786789
new_1_63.mat,0.21288760505198254
new_1_64.mat,0.94763797265129279
new_1_65.mat,0.92575714570059786
new_1_66.mat,0.99239043213177758
new_1_67.mat,0.93072318219418071
new_1_68.mat,0.98787451384353386
new_1_69.mat,0.46678662105792923
new_1_7.mat,0.77677352063598948
new_1_70.mat,0.21749940515961677
new_1_71.mat,0.89580218719238369
new_1_72.mat,0.77677352063598948
new_1_73.mat,0.53762740214043792
new_1_74.mat,0.58644145391886826
new_1_75.mat,0.99195819780648209
new_1_76.mat,0.96627394342064721
new_1_77.mat,0.265241832256284
new_1_78.mat,0.97120978416445947
new_1_79.mat,0.99636876258606899
new_1_8.mat,0.19855949993481531
new_1_80.mat,0.9887106108220487
new_1_81.mat,0.26278734048444291
new_1_82.mat,0.47530745882197423
new_1_83.mat,0.98007026709165357
new_1_84.mat,0.65080606606140134
new_1_85.mat,0.9842667062568945
new_1_86.mat,0.83739574408096273
new_1_87.mat,0.0028074329745895006
new_1_88.mat,0.78282509076571727
new_1_89.mat,0.5779917990408231
new_1_9.mat,0.92798297943426689
new_1_90.mat,0.45913454528454112
new_1_91.mat,0.96362643971535078
new_1_92.mat,0.80801391111910248
new_1_93.mat,0.83897790598317457
new_1_94.mat,0.99999925821068247
new_1_95.mat,0.97419299732722986
new_1_96.mat,0.26032795367707606
new_1_97.mat,0.11117062773662841
new_1_98.mat,0.77677352063598948
new_1_99.mat,0.20822291414398042
new_2_1.mat,0.43522129812035432
new_2_10.mat,0.92945117362589424
new_2_100.mat,0.292315839814274
new_2_1000.mat,0.27228798894462408
new_2_1001.mat,0.049912305233221432
new_2_1002.mat,0.46886797387887214
new_2_101.mat,0.099588174148738842
new_2_102.mat,0.58584674471829878
new_2_103.mat,0.10087347848139379
new_2_104.mat,0.23836313989179028
new_2_105.mat,0.89478361562504805
new_2_106.mat,0.0016161734917615616
new_2_107.mat,0.0032190109202924755
new_2_108.mat,0.36410472903437185
new_2_109.mat,0.40200903915154518
new_2_11.mat,0.00054073545122778981
new_2_110.mat,0.48564665434535637
new_2_111.mat,0.18348399284918179
new_2_112.mat,0.045952690736476676
new_2_113.mat,0.1542531513107499
new_2_114.mat,0.26386873552783774
new_2_115.mat,0.22363520696145531
new_2_116.mat,0.10127937114978679
new_2_117.mat,0.021316414041184263
new_2_118.mat,0.43879234673066841
new_2_119.mat,0.047380821637294457
new_2_12.mat,0.1400142272079985
new_2_120.mat,0.84702450116878314
new_2_121.mat,0.20782233213958579
new_2_122.mat,0.12299444327295506
new_2_123.mat,0.21136219648342777
new_2_124.mat,0.030142154101786237
new_2_125.mat,0.14483267479409401
new_2_126.mat,0.43155454305740187
new_2_127.mat,0.090514190630150204
new_2_128.mat,0.39368957017305506
new_2_129.mat,0.24495820285997003
new_2_13.mat,0.023916066202215525
new_2_130.mat,0.03013858772529163
new_2_131.mat,0.04041646019004913
new_2_132.mat,0.29070036046126246
new_2_133.mat,0.28766506132920822
new_2_134.mat,0.0057077403575199323
new_2_135.mat,0.57934289572246156
new_2_136.mat,0.31225063817571563
new_2_137.mat,0.75570109236470118
new_2_138.mat,0.39795205970870678
new_2_139.mat,0.16047117273776471
new_2_14.mat,0.59218928644131608
new_2_140.mat,0.17073439247186234
new_2_141.mat,0.00041249469838574568
new_2_142.mat,0.016644835590628071
new_2_143.mat,0.83634341960655434
new_2_144.mat,0.020447272709706008
new_2_145.mat,0.65389597365438634
new_2_146.mat,0.11375104706708165
new_2_147.mat,0.0011236861126090031
new_2_148.mat,0.17073439247186234
new_2_149.mat,0.529852339421231
new_2_15.mat,0.815922217759672
new_2_150.mat,0.38915184185621798
new_2_151.mat,0.02553126158926074
new_2_152.mat,0.18511199409137971
new_2_153.mat,0.11623695182010378
new_2_154.mat,0.44558063149019178
new_2_155.mat,0.44089735795869456
new_2_156.mat,0.53950913199828399
new_2_157.mat,0.79510987762481433
new_2_158.mat,0.95822840041146895
new_2_159.mat,0.33642288252498503
new_2_16.mat,0.15964731937740412
new_2_160.mat,0.069408786723133165
new_2_161.mat,0.89786842648362997
new_2_162.mat,0.60039050346386613
new_2_163.mat,0.081242069213241355
new_2_164.mat,0.37915205703623206
new_2_165.mat,0.63963658446461191
new_2_166.mat,0.22433646692533882
new_2_167.mat,0.52606631213905075
new_2_168.mat,0.56842404147123315
new_2_169.mat,0.014780991820156932
new_2_17.mat,0.69555576602728075
new_2_170.mat,0.95886037528345447
new_2_171.mat,0.72518898091721595
new_2_172.mat,0.43709832248969888
new_2_173.mat,0.56909911591567697
new_2_174.mat,0.31064578665593884
new_2_175.mat,0.41010248244785519
new_2_176.mat,0.23973893399846483
new_2_177.mat,0.24703603259168436
new_2_178.mat,0.014394768951179913
new_2_179.mat,0.42447061154138194
new_2_18.mat,0.77639274172402828
new_2_180.mat,0.2674788394651037
new_2_181.mat,0.48893740480041975
new_2_182.mat,0.62571330835253269
new_2_183.mat,0.35828278936801961
new_2_184.mat,0.15300612244177109
new_2_185.mat,0.64902908817767946
new_2_186.mat,0.007677009232836457
new_2_187.mat,0.036072693296765289
new_2_188.mat,0.00065510924738271963
new_2_189.mat,0.88287649436690097
new_2_19.mat,0.17313465334903408
new_2_190.mat,0.21613199160770435
new_2_191.mat,0.47373358369723317
new_2_192.mat,0.00072049638812901661
new_2_193.mat,0.25042799654289055
new_2_194.mat,0.33841737949342648
new_2_195.mat,0.001873435006124766
new_2_196.mat,0.63125402568705713
new_2_197.mat,0.58493533373259499
new_2_198.mat,0.72799340808438473
new_2_199.mat,0.49386480294777996
new_2_2.mat,0.010257235209799154
new_2_20.mat,0.24187446664225151
new_2_200.mat,0.38198187837754238
new_2_201.mat,0.65081574327746283
new_2_202.mat,0.3713056497654546
new_2_203.mat,0.5266928127965117
new_2_204.mat,0.016744991766720185
new_2_205.mat,0.8109848268666886
new_2_206.mat,0.54870808324479647
new_2_207.mat,0.21185393245109413
new_2_208.mat,0.84761373647797655
new_2_209.mat,0.28328614961647314
new_2_21.mat,0.46586414535654608
new_2_210.mat,0.59997395991057423
new_2_211.mat,0.75234508302969727
new_2_212.mat,0.9296351478411542
new_2_213.mat,0.75042502388842369
new_2_214.mat,0.077655584537059535
new_2_215.mat,0.62487698911254319
new_2_216.mat,0.66569602028482033
new_2_217.mat,0.3535744432779897
new_2_218.mat,0.072363877416097649
new_2_219.mat,0.36894040497476532
new_2_22.mat,0.079824555981925199
new_2_220.mat,0.45686145555390589
new_2_221.mat,0.061255629272634997
new_2_222.mat,0.94677039714625921
new_2_223.mat,0.21278695185423963
new_2_224.mat,0.088050269610482984
new_2_225.mat,0.71570364425058408
new_2_226.mat,0.00076674522457852157
new_2_227.mat,0.095727224698613167
new_2_228.mat,0.74064050395898773
new_2_229.mat,0.10996412876823358
new_2_23.mat,0.82409789787544652
new_2_230.mat,0.69456345338554859
new_2_231.mat,0.55303994415836888
new_2_232.mat,0.032799363484621702
new_2_233.mat,0.86265425220725145
new_2_234.mat,0.24559078664419617
new_2_235.mat,0.87642314013315359
new_2_236.mat,0.087013882754135199
new_2_237.mat,0.00065445865434306683
new_2_238.mat,0.26679889529757528
new_2_239.mat,0.20563606144463101
new_2_24.mat,0.19647018505794017
new_2_240.mat,0.02580915759369572
new_2_241.mat,0.00067196966279763971
new_2_242.mat,0.15888573502748821
new_2_243.mat,0.059685702115975896
new_2_244.mat,0.31644481103377092
new_2_245.mat,0.084929649344326785
new_2_246.mat,0.20400631947996534
new_2_247.mat,0.21047739022258025
new_2_248.mat,0.24377019620199716
new_2_249.mat,0.42079942034913692
new_2_25.mat,0.00026701626158606988
new_2_250.mat,0.5
new_2_251.mat,0.528706965717747
new_2_252.mat,0.31658826806715668
new_2_253.mat,0.17983549405952293
new_2_254.mat,0.052150308337708062
new_2_255.mat,0.80362780376032872
new_2_256.mat,0.58823418283467577
new_2_257.mat,0.87875006549765833
new_2_258.mat,0.37011720167143924
new_2_259.mat,0.024008440512083149
new_2_26.mat,0.17073439247186234
new_2_260.mat,0.27597885675452744
new_2_261.mat,0.67620805593420352
new_2_262.mat,0.87188360644149965
new_2_263.mat,0.1090149856642612
new_2_264.mat,0.065219380988494988
new_2_265.mat,0.42004885596009345
new_2_266.mat,0.18331765075753875
new_2_267.mat,0.35437255382803118
new_2_268.mat,0.89136034507237871
new_2_269.mat,0.05100920014585595
new_2_27.mat,0.43521153101959059
new_2_270.mat,0.47133156120900493
new_2_271.mat,0.68865195153761161
new_2_272.mat,0.54809468583257404
new_2_273.mat,0.081511726151085068
new_2_274.mat,0.0019416405489819182
new_2_275.mat,0.00025192594524920428
new_2_276.mat,0.093953398174484296
new_2_277.mat,0.21401876430980316
new_2_278.mat,0.061805086249288405
new_2_279.mat,0.35345853204573358
new_2_28.mat,0.18038078640970295
new_2_280.mat,0.0097118570740480775
new_2_281.mat,0.060446910643909522
new_2_282.mat,0.11782154995454458
new_2_283.mat,0.81010605084989706
new_2_284.mat,0.33410623793679617
new_2_285.mat,0.00041464347599744184
new_2_286.mat,0.44238188778837212
new_2_287.mat,0.014576421204600792
new_2_288.mat,0.0005112040825806086
new_2_289.mat,0.40196838482432395
new_2_29.mat,0.38594432063706585
new_2_290.mat,0.0018205065673818585
new_2_291.mat,0.053835410011262366
new_2_292.mat,0.0025377613418492554
new_2_293.mat,0.5475699795028246
new_2_294.mat,0.89264174035763899
new_2_295.mat,0.38409031518509829
new_2_296.mat,0.21912808577631471
new_2_297.mat,0.071544579801890357
new_2_298.mat,0.86325184546487499
new_2_299.mat,0.018876372789869245
new_2_3.mat,0.82153081481689394
new_2_30.mat,0.051802438221375161
new_2_300.mat,0.7574622304347336
new_2_301.mat,0.12817813468174125
new_2_302.mat,0.28656504133874999
new_2_303.mat,0.46886430605399115
new_2_304.mat,0.3352036315015875
new_2_305.mat,0.015776341457932701
new_2_306.mat,0.33414615476214354
new_2_307.mat,0.89546552129645995
new_2_308.mat,0.65580024042530272
new_2_309.mat,0.63738973494040763
new_2_31.mat,0.41386749574380205
new_2_310.mat,0.20893526591729564
new_2_311.mat,0.7812912268718738
new_2_312.mat,0.52897414301902457
new_2_313.mat,0.23534351051738167
new_2_314.mat,0.27451014201998519
new_2_315.mat,0.20610786646560447
new_2_316.mat,0.097806285343252017
new_2_317.mat,0.024380475608791176
new_2_318.mat,0.66286722135800902
new_2_319.mat,0.77078959314552609
new_2_32.mat,0.18704404428950844
new_2_320.mat,0.52620535824498993
new_2_321.mat,0.18468394761058607
new_2_322.mat,0.0082700473253728857
new_2_323.mat,0.23552124868166929
new_2_324.mat,0.0045428263191260336
new_2_325.mat,0.084688950551888936
new_2_326.mat,0.48187741165083631
new_2_327.mat,0.30764018479944166
new_2_328.mat,0.071217776259488982
new_2_329.mat,4.8947129983989478e-05
new_2_33.mat,0.10147103308047918
new_2_330.mat,0.87010408525817529
new_2_331.mat,0.24312837800326484
new_2_332.mat,0.025897319429158811
new_2_333.mat,0.48796588292536291
new_2_334.mat,0.86420582494416842
new_2_335.mat,0.0018639534505088705
new_2_336.mat,0.0037469582168603425
new_2_337.mat,0.1617214093041448
new_2_338.mat,0.13104192605593898
new_2_339.mat,0.050465123300552348
new_2_34.mat,0.42590884686561115
new_2_340.mat,0.060601725734742776
new_2_341.mat,0.015394931788887239
new_2_342.mat,0.56209126010128807
new_2_343.mat,0.5
new_2_344.mat,0.00080117371236507065
new_2_345.mat,0.54477079932026684
new_2_346.mat,0.18453462505969134
new_2_347.mat,0.14754262920141453
new_2_348.mat,0.86964007876718685
new_2_349.mat,0.024659254286191083
new_2_35.mat,0.28447321189041319
new_2_350.mat,0.0083858550688982667
new_2_351.mat,0.41006166680018463
new_2_352.mat,0.52756020021233141
new_2_353.mat,0.93065829215497753
new_2_354.mat,0.62474538609166819
new_2_355.mat,0.82458594596311352
new_2_356.mat,0.266602499739518
new_2_357.mat,0.015630673434500742
new_2_358.mat,0.4434479563223841
new_2_359.mat,0.048561453434436214
new_2_36.mat,0.031383212075946985
new_2_360.mat,0.27750760140769676
new_2_361.mat,0.28717096300202954
new_2_362.mat,0.61642303738900039
new_2_363.mat,0.031769666537374092
new_2_364.mat,0.36554873310272179
new_2_365.mat,0.033464384806164947
new_2_366.mat,0.99522684958405949
new_2_367.mat,0.573738906822575
new_2_368.mat,0.063818799803322779
new_2_369.mat,0.42802540027076336
new_2_37.mat,0.57157906553492077
new_2_370.mat,0.075431676807838008
new_2_371.mat,0.24173343918410448
new_2_372.mat,0.33295301315117404
new_2_373.mat,0.56427117543023853
new_2_374.mat,0.64598444297798607
new_2_375.mat,0.47005298317872596
new_2_376.mat,0.47012163866649859
new_2_377.mat,0.085874309925017683
new_2_378.mat,0.016546264222235769
new_2_379.mat,0.1444678341105278
new_2_38.mat,0.6746831832624115
new_2_380.mat,0.3792521292669136
new_2_381.mat,0.39297965538481577
new_2_382.mat,0.26135027752266238
new_2_383.mat,0.67531799882856691
new_2_384.mat,0.22517601899834958
new_2_385.mat,0.5
new_2_386.mat,0.070874952856380513
new_2_387.mat,0.25436750996091484
new_2_388.mat,0.093135743939562962
new_2_389.mat,0.46492469409274262
new_2_39.mat,0.19361012726059817
new_2_390.mat,0.12811541569282167
new_2_391.mat,0.82506460452984098
new_2_392.mat,0.0022231528912500455
new_2_393.mat,0.43999538463088733
new_2_394.mat,0.76067931644072007
new_2_395.mat,0.0014715768869076522
new_2_396.mat,0.48868519353475881
new_2_397.mat,0.44910051092507391
new_2_398.mat,0.00018694071244698625
new_2_399.mat,0.41261539341754899
new_2_4.mat,0.72505034266392809
new_2_40.mat,0.0030356712777692952
new_2_400.mat,0.0010746496609704756
new_2_401.mat,0.0038542574541962174
new_2_402.mat,0.13201739179549185
new_2_403.mat,0.75340027549155464
new_2_404.mat,0.30813880851008779
new_2_405.mat,0.33140613201475466
new_2_406.mat,0.27938986148572031
new_2_407.mat,0.25037036560189252
new_2_408.mat,0.0074806888999443813
new_2_409.mat,0.60018056842894818
new_2_41.mat,0.030143651512208262
new_2_410.mat,0.0045145358931009258
new_2_411.mat,0.37907890438984904
new_2_412.mat,0.57830937326845477
new_2_413.mat,0.35284741723570467
new_2_414.mat,0.28046563466522201
new_2_415.mat,0.72402159161096291
new_2_416.mat,0.096653895858356015
new_2_417.mat,0.71190114501932378
new_2_418.mat,0.7609569107187244
new_2_419.mat,0.18550646702947649
new_2_42.mat,0.029192796196995129
new_2_420.mat,0.17073439247186234
new_2_421.mat,0.46791481107487182
new_2_422.mat,0.19465646042902759
new_2_423.mat,0.2224444049930854
new_2_424.mat,0.074524360918473184
new_2_425.mat,0.18413317588154546
new_2_426.mat,0.67737295658848018
new_2_427.mat,0.18604608287118607
new_2_428.mat,0.001335202315058326
new_2_429.mat,0.2599345692698265
new_2_43.mat,0.64695426110627208
new_2_430.mat,0.69573172139502737
new_2_431.mat,0.19391550008834377
new_2_432.mat,0.46863580633861041
new_2_433.mat,0.17073439247186234
new_2_434.mat,0.75408520654367583
new_2_435.mat,0.055742312720299225
new_2_436.mat,0.60603616288790485
new_2_437.mat,0.030098395058647559
new_2_438.mat,0.11461115943622165
new_2_439.mat,0.79574044990804271
new_2_44.mat,0.88444292474418318
new_2_440.mat,0.036329072806952148
new_2_441.mat,0.77294335468053488
new_2_442.mat,0.031938721611877975
new_2_443.mat,0.32088172434997603
new_2_444.mat,0.78969066564432278
new_2_445.mat,0.05944090845660259
new_2_446.mat,0.54588725325268739
new_2_447.mat,0.24893032505065021
new_2_448.mat,0.10873920336961164
new_2_449.mat,0.27452536268919137
new_2_45.mat,0.70332439747554443
new_2_450.mat,0.841438994399337
new_2_451.mat,0.0018595405404221684
new_2_452.mat,0.43285454561502867
new_2_453.mat,0.30108469770358853
new_2_454.mat,0.033038276053773401
new_2_455.mat,0.013454824955648589
new_2_456.mat,0.0032126424943342384
new_2_457.mat,0.35612927988980714
new_2_458.mat,0.0002746053584904226
new_2_459.mat,0.0038079466987542875
new_2_46.mat,0.76422812454519418
new_2_460.mat,0.20244408141103482
new_2_461.mat,0.86890207009287224
new_2_462.mat,0.54220523905032481
new_2_463.mat,0.6005548005153718
new_2_464.mat,0.74179224898743645
new_2_465.mat,0.09340005503457928
new_2_466.mat,0.21594311666724422
new_2_467.mat,0.12342501130837279
new_2_468.mat,0.40451237869506657
new_2_469.mat,0.095663409119089216
new_2_47.mat,0.075453086607790945
new_2_470.mat,0.73370968975480011
new_2_471.mat,0.2152340731852829
new_2_472.mat,0.65285660059962969
new_2_473.mat,0.41379724796687001
new_2_474.mat,0.089273824910362232
new_2_475.mat,0.013528984689321382
new_2_476.mat,2.9798242799935483e-05
new_2_477.mat,0.10162026615337548
new_2_478.mat,0.026534758359786002
new_2_479.mat,0.1791295981126981
new_2_48.mat,0.16771367494703662
new_2_480.mat,0.082195068443400285
new_2_481.mat,0.095675938509389435
new_2_482.mat,0.16528027659203928
new_2_483.mat,0.25394131990679247
new_2_484.mat,0.027514882377716498
new_2_485.mat,0.37023909212814765
new_2_486.mat,0.93807900058772198
new_2_487.mat,0.17602284855361755
new_2_488.mat,0.72144083447771024
new_2_489.mat,0.046189858690239241
new_2_49.mat,0.58473151864133266
new_2_490.mat,0.43352854055291123
new_2_491.mat,0.28327314782962731
new_2_492.mat,0.00062128066773795389
new_2_493.mat,0.5
new_2_494.mat,0.10120730253151131
new_2_495.mat,0.88138759363162134
new_2_496.mat,0.097870727071230179
new_2_497.mat,0.20902569911186891
new_2_498.mat,0.062541081303314483
new_2_499.mat,0.17073439247186234
new_2_5.mat,0.35134615641530964
new_2_50.mat,0.33368045162519655
new_2_500.mat,0.019755544880693424
new_2_501.mat,1.945679910500509e-07
new_2_502.mat,0.24651253818879787
new_2_503.mat,0.075339139695347973
new_2_504.mat,0.27934821858215958
new_2_505.mat,0.4456058565913073
new_2_506.mat,0.33283719365533265
new_2_507.mat,0.5
new_2_508.mat,0.11634012200103271
new_2_509.mat,0.48072188577093561
new_2_51.mat,0.84671182222516483
new_2_510.mat,0.43641982304123417
new_2_511.mat,0.028812942428207432
new_2_512.mat,0.21123432699962924
new_2_513.mat,0.52108513896837083
new_2_514.mat,0.2545583058673575
new_2_515.mat,0.12409959115686506
new_2_516.mat,0.5
new_2_517.mat,0.078734867562700178
new_2_518.mat,0.17424650707431824
new_2_519.mat,0.23965249476606423
new_2_52.mat,0.20058842234818314
new_2_520.mat,0.3373661690026391
new_2_521.mat,0.2803878862133965
new_2_522.mat,0.10536441985523022
new_2_523.mat,0.037155704205334553
new_2_524.mat,0.36045046023788174
new_2_525.mat,0.68584776100307432
new_2_526.mat,0.68585857753653023
new_2_527.mat,0.388871021576849
new_2_528.mat,0.20063572418756276
new_2_529.mat,0.064001369284431536
new_2_53.mat,0.35265112868351778
new_2_530.mat,0.28306361668629293
new_2_531.mat,0.053970074156123905
new_2_532.mat,0.76066014015665151
new_2_533.mat,0.53903826786834574
new_2_534.mat,0.0093515164424859513
new_2_535.mat,0.46170937993285865
new_2_536.mat,0.67635205180169933
new_2_537.mat,0.047827824749477416
new_2_538.mat,0.63823453423078014
new_2_539.mat,0.25013602129107904
new_2_54.mat,0.06998939982782372
new_2_540.mat,0.20888789218781814
new_2_541.mat,0.40454517343605634
new_2_542.mat,0.30186981443362076
new_2_543.mat,0.60442492606261533
new_2_544.mat,0.74942709228139959
new_2_545.mat,0.011312258711491573
new_2_546.mat,0.38497884882861461
new_2_547.mat,0.53549857787815081
new_2_548.mat,0.36392053618594117
new_2_549.mat,0.39023765241026825
new_2_55.mat,0.10642369065470982
new_2_550.mat,0.012103955013364098
new_2_551.mat,0.86685171904283653
new_2_552.mat,0.059276220801677125
new_2_553.mat,0.0571455985955968
new_2_554.mat,0.29362183083799442
new_2_555.mat,0.00075460339508775793
new_2_556.mat,0.16275984164884674
new_2_557.mat,0.3365571826638204
new_2_558.mat,0.17521506464779843
new_2_559.mat,0.92326639333985017
new_2_56.mat,0.12802630670904588
new_2_560.mat,0.33654262997622542
new_2_561.mat,0.62086155317692493
new_2_562.mat,0.81729893044766544
new_2_563.mat,0.84755266825913844
new_2_564.mat,0.0046569918055371032
new_2_565.mat,0.27028600255902047
new_2_566.mat,0.54826178308529161
new_2_567.mat,0.10363832315407381
new_2_568.mat,0.13658683999392804
new_2_569.mat,0.23434388045644466
new_2_57.mat,0.0064530760463149825
new_2_570.mat,0.21123440820649345
new_2_571.mat,0.19498991356149192
new_2_572.mat,0.12894331614916427
new_2_573.mat,0.062168788724666822
new_2_574.mat,0.75677554778364142
new_2_575.mat,0.25096601767814075
new_2_576.mat,0.75512103698702715
new_2_577.mat,0.035802200337258991
new_2_578.mat,0.057045752195224224
new_2_579.mat,0.26432002315060227
new_2_58.mat,0.3975565736011738
new_2_580.mat,0.25425867852471307
new_2_581.mat,0.49044772317143281
new_2_582.mat,0.0027768783016756515
new_2_583.mat,0.0020419994956257775
new_2_584.mat,0.23580667052440993
new_2_585.mat,0.34915053007088726
new_2_586.mat,0.48588419578406683
new_2_587.mat,0.0027015890556929914
new_2_588.mat,0.76777556403145308
new_2_589.mat,4.1891701009560956e-05
new_2_59.mat,0.059940914034186478
new_2_590.mat,0.090431440504133057
new_2_591.mat,0.90583815847130267
new_2_592.mat,0.17314826924226781
new_2_593.mat,0.41266882274907596
new_2_594.mat,0.1312473927011901
new_2_595.mat,0.06123045810689727
new_2_596.mat,0.17577452107511718
new_2_597.mat,0.039673384441741406
new_2_598.mat,0.55494305935000321
new_2_599.mat,0.2037258096657793
new_2_6.mat,0.22615126462286381
new_2_60.mat,0.11698481613133999
new_2_600.mat,0.23595903941740212
new_2_601.mat,0.046759850002138136
new_2_602.mat,0.062194184619057777
new_2_603.mat,0.82509136861144572
new_2_604.mat,0.77368031391401482
new_2_605.mat,0.53921162375257947
new_2_606.mat,0.0015325662966481802
new_2_607.mat,0.022877637051350361
new_2_608.mat,0.41354455503608728
new_2_609.mat,0.41813914308660671
new_2_61.mat,0.17296647946877819
new_2_610.mat,0.0039949279728471142
new_2_611.mat,0.28857537614317808
new_2_612.mat,0.21240559286629623
new_2_613.mat,0.79794903115868376
new_2_614.mat,0.61845764904802858
new_2_615.mat,0.96493737643887334
new_2_616.mat,0.099116318179636592
new_2_617.mat,0.00081666264948667907
new_2_618.mat,0.47708474055359934
new_2_619.mat,0.29599964498100328
new_2_62.mat,0.25665612936346882
new_2_620.mat,0.88896615702045856
new_2_621.mat,0.74801725818537568
new_2_622.mat,0.58277418251956981
new_2_623.mat,0.22663444680836126
new_2_624.mat,0.66170531551430323
new_2_625.mat,0.0001049418959331006
new_2_626.mat,0.4146247368767495
new_2_627.mat,0.39310701540083004
new_2_628.mat,0.13594819885453141
new_2_629.mat,0.68540084308236959
new_2_63.mat,0.30830830775332829
new_2_630.mat,0.59199051776937262
new_2_631.mat,0.30779710405153426
new_2_632.mat,0.26312104585186447
new_2_633.mat,0.55236409643015616
new_2_634.mat,0.036635948561744167
new_2_635.mat,0.14913934674271745
new_2_636.mat,0.26622325378303036
new_2_637.mat,0.71341291860911227
new_2_638.mat,0.6947935475559005
new_2_639.mat,0.68932165507003618
new_2_64.mat,0.20717544810398072
new_2_640.mat,0.11645366169990827
new_2_641.mat,0.40167979343043697
new_2_642.mat,0.74441945834441869
new_2_643.mat,0.88034063701653464
new_2_644.mat,0.94867927477532621
new_2_645.mat,0.21362254256526941
new_2_646.mat,0.74109822436360984
new_2_647.mat,0.050870344490717902
new_2_648.mat,0.69411917598351225
new_2_649.mat,0.39773860730510979
new_2_65.mat,0.21146446850960002
new_2_650.mat,0.26794791748694657
new_2_651.mat,0.54285150784464031
new_2_652.mat,0.02331515305832451
new_2_653.mat,0.56974129133523588
new_2_654.mat,0.40710060149548272
new_2_655.mat,0.016267041165901035
new_2_656.mat,0.048054690630997633
new_2_657.mat,0.0009274203967110725
new_2_658.mat,0.34068288552246345
new_2_659.mat,0.22789800040159419
new_2_66.mat,0.078554678024746888
new_2_660.mat,0.46238831273294079
new_2_661.mat,8.6794245705068735e-07
new_2_662.mat,0.26030419014991812
new_2_663.mat,0.78399939273207042
new_2_664.mat,0.065371099401865973
new_2_665.mat,0.77222072354283156
new_2_666.mat,0.063543119084157038
new_2_667.mat,0.75989888767180469
new_2_668.mat,0.03701836821223773
new_2_669.mat,0.068809219584468811
new_2_67.mat,0.58555161309155401
new_2_670.mat,0.058510469623285537
new_2_671.mat,0.44155661212688924
new_2_672.mat,0.40743371613794638
new_2_673.mat,0.29631524175944352
new_2_674.mat,0.41424377331274109
new_2_675.mat,0.28208629498332577
new_2_676.mat,0.53536370491394092
new_2_677.mat,0.2269103081363027
new_2_678.mat,0.697209937083348
new_2_679.mat,0.014911817469531756
new_2_68.mat,0.54898225725922034
new_2_680.mat,0.15337069108456367
new_2_681.mat,0.54242775377679142
new_2_682.mat,0.2142021367632867
new_2_683.mat,0.19811782294796215
new_2_684.mat,0.68933324791646811
new_2_685.mat,0.23944020035492095
new_2_686.mat,0.11223183868593944
new_2_687.mat,0.13772575174809226
new_2_688.mat,0.39404333629484101
new_2_689.mat,0.36200058802866741
new_2_69.mat,0.18378757833241727
new_2_690.mat,0.5
new_2_691.mat,0.64460603469461319
new_2_692.mat,0.21745799992876474
new_2_693.mat,0.070986864003644734
new_2_694.mat,0.44092807042942012
new_2_695.mat,0.43452496845157085
new_2_696.mat,0.98511893543775697
new_2_697.mat,0.23145677344291929
new_2_698.mat,0.63703027175533156
new_2_699.mat,0.43315601734015585
new_2_7.mat,0.7605445396932291
new_2_70.mat,0.10709518503785311
new_2_700.mat,0.067516854137204721
new_2_701.mat,0.35811445683345899
new_2_702.mat,0.69952476855002932
new_2_703.mat,0.018338040337144961
new_2_704.mat,0.38943662031745407
new_2_705.mat,0.53891427908204226
new_2_706.mat,0.44848275439713586
new_2_707.mat,0.55182750662394808
new_2_708.mat,0.31590540077323753
new_2_709.mat,0.49037330543547358
new_2_71.mat,0.057570992222079488
new_2_710.mat,0.25835188320934377
new_2_711.mat,0.40053444927522275
new_2_712.mat,0.43451902390030267
new_2_713.mat,0.0011188444608848122
new_2_714.mat,0.38694212640161452
new_2_715.mat,0.21719176163145384
new_2_716.mat,0.0083495303951748347
new_2_717.mat,0.0025695691666054597
new_2_718.mat,0.3698570635148945
new_2_719.mat,0.70420383812885756
new_2_72.mat,0.0002485978321180847
new_2_720.mat,0.15773755514768339
new_2_721.mat,0.78054705006801839
new_2_722.mat,0.59216089872856403
new_2_723.mat,0.12542782018020829
new_2_724.mat,0.00016072072584458666
new_2_725.mat,0.33659458889028832
new_2_726.mat,0.3227794131465358
new_2_727.mat,0.6749330496612147
new_2_728.mat,0.56924527493087596
new_2_729.mat,0.043549200661962995
new_2_73.mat,0.8677455366436998
new_2_730.mat,0.32213554779961878
new_2_731.mat,0.17672637957695439
new_2_732.mat,0.42043805590748062
new_2_733.mat,0.071271303322603605
new_2_734.mat,0.00035899301121907948
new_2_735.mat,0.14590836165400409
new_2_736.mat,0.62405180036393681
new_2_737.mat,0.72488886445083256
new_2_738.mat,0.37769637198372058
new_2_739.mat,0.47222254855041962
new_2_74.mat,0.081163991769628338
new_2_740.mat,0.17073439247186234
new_2_741.mat,0.27179635603155172
new_2_742.mat,0.036104687770542911
new_2_743.mat,0.12478831040868543
new_2_744.mat,0.30162801147526602
new_2_745.mat,0.22043278357013718
new_2_746.mat,0.4930138580551493
new_2_747.mat,0.020051499227777051
new_2_748.mat,0.59810448284523732
new_2_749.mat,0.085828055483799931
new_2_75.mat,0.40134168630637868
new_2_750.mat,0.0017520412493517796
new_2_751.mat,0.0031709171051164807
new_2_752.mat,0.030854236880841081
new_2_753.mat,0.011073679160904478
new_2_754.mat,0.26233522683473309
new_2_755.mat,0.85561143768155457
new_2_756.mat,0.1013715143503533
new_2_757.mat,0.016911181128942659
new_2_758.mat,0.74309973664305307
new_2_759.mat,0.046136788443895987
new_2_76.mat,0.11276818686377393
new_2_760.mat,0.39825886645633551
new_2_761.mat,0.45172524142509451
new_2_762.mat,0.62055390976432656
new_2_763.mat,0.41088409426747197
new_2_764.mat,0.69565256933582131
new_2_765.mat,0.7750351724093959
new_2_766.mat,0.087157224890577922
new_2_767.mat,0.38705370833401687
new_2_768.mat,0.74922225535219733
new_2_769.mat,0.88585888579490013
new_2_77.mat,0.30630213968721398
new_2_770.mat,0.034191353598303525
new_2_771.mat,0.64157742157084841
new_2_772.mat,0.058845482167532423
new_2_773.mat,0.74914036327004441
new_2_774.mat,0.39639178844292561
new_2_775.mat,0.20102518623970139
new_2_776.mat,0.13188480888738463
new_2_777.mat,0.90116418765369743
new_2_778.mat,0.27358696949897815
new_2_779.mat,0.61935206421326272
new_2_78.mat,0.98229898548052197
new_2_780.mat,0.42897938244887912
new_2_781.mat,0.098948653098374917
new_2_782.mat,0.55329061845318983
new_2_783.mat,0.77345539342571368
new_2_784.mat,0.74417659118274826
new_2_785.mat,0.5495896473759444
new_2_786.mat,0.07780719013678071
new_2_787.mat,0.3122295281905883
new_2_788.mat,0.59761549287708637
new_2_789.mat,0.065162678214339687
new_2_79.mat,0.47382406135857963
new_2_790.mat,0.53081506544177104
new_2_791.mat,0.68543296935614284
new_2_792.mat,0.5
new_2_793.mat,0.57229160515872457
new_2_794.mat,0.063828278248091133
new_2_795.mat,0.88468460305233587
new_2_796.mat,0.20107059369370348
new_2_797.mat,0.037743126887975292
new_2_798.mat,0.16681202218491686
new_2_799.mat,0.23840120633770581
new_2_8.mat,0.011509857638158195
new_2_80.mat,0.15093082471437891
new_2_800.mat,0.60673742283070242
new_2_801.mat,0.77032909676901262
new_2_802.mat,0.15765631768879707
new_2_803.mat,0.0064477198353124349
new_2_804.mat,0.19451217790911798
new_2_805.mat,0.44990319751969959
new_2_806.mat,0.49455173466862185
new_2_807.mat,0.20953953659041502
new_2_808.mat,0.36104986763813046
new_2_809.mat,0.010152700499562963
new_2_81.mat,0.0015334107898789715
new_2_810.mat,0.034166924318516673
new_2_811.mat,0.48216832170173418
new_2_812.mat,0.097817599238315206
new_2_813.mat,0.13739664593105677
new_2_814.mat,0.19230563576077769
new_2_815.mat,0.19441161618225991
new_2_816.mat,0.014094317482907178
new_2_817.mat,0.16195772862003033
new_2_818.mat,0.24185712845394397
new_2_819.mat,0.53817166150397466
new_2_82.mat,0.033719003948017322
new_2_820.mat,0.2221254461823175
new_2_821.mat,0.13001058606441546
new_2_822.mat,0.14874379810335989
new_2_823.mat,0.015421257201346931
new_2_824.mat,0.56656678809933569
new_2_825.mat,0.13263076617500666
new_2_826.mat,0.55275890843500364
new_2_827.mat,0.82271745357152559
new_2_828.mat,0.042289830014083679
new_2_829.mat,0.44708498204549835
new_2_83.mat,0.21693614694157606
new_2_830.mat,0.026995403296913585
new_2_831.mat,0.48759595551796492
new_2_832.mat,0.47330603144124234
new_2_833.mat,0.19544308663936522
new_2_834.mat,0.86735746095276567
new_2_835.mat,0.13276201441191188
new_2_836.mat,0.67589608682690383
new_2_837.mat,0.16773420626419913
new_2_838.mat,0.76295235070168943
new_2_839.mat,0.48218372638899643
new_2_84.mat,0.2236674614635068
new_2_840.mat,0.0058497515184965871
new_2_841.mat,0.088213438592883303
new_2_842.mat,0.10264226274989402
new_2_843.mat,0.52708566366847254
new_2_844.mat,0.22482365588089076
new_2_845.mat,0.14296359190961272
new_2_846.mat,0.069162785167192348
new_2_847.mat,0.90495840247585835
new_2_848.mat,0.0012046558702342126
new_2_849.mat,0.22473673837162098
new_2_85.mat,0.13960755881762638
new_2_850.mat,0.23820557765416436
new_2_851.mat,0.0014434152086644483
new_2_852.mat,0.0025816362249184424
new_2_853.mat,0.70211221661506984
new_2_854.mat,0.78995895403845551
new_2_855.mat,0.26698782708723146
new_2_856.mat,0.00071010425004282068
new_2_857.mat,0.00045307397521558148
new_2_858.mat,0.44162094617270758
new_2_859.mat,0.00087494552458805802
new_2_86.mat,0.021687298904964025
new_2_860.mat,0.062327438347877073
new_2_861.mat,0.011242644559516022
new_2_862.mat,0.54694305283227251
new_2_863.mat,0.063591092338767752
new_2_864.mat,0.69810084040035814
new_2_865.mat,0.81376835324996533
new_2_866.mat,0.40641669800018521
new_2_867.mat,0.23103889344929215
new_2_868.mat,0.103125373305803
new_2_869.mat,0.35400999599843275
new_2_87.mat,0.72352231500660258
new_2_870.mat,0.86224357672989815
new_2_871.mat,0.57537462851482546
new_2_872.mat,0.92506017305715804
new_2_873.mat,0.00042858382399865898
new_2_874.mat,0.6137166467915427
new_2_875.mat,0.62377520917701246
new_2_876.mat,0.11325372275709267
new_2_877.mat,0.077493534264845579
new_2_878.mat,0.1208011525082268
new_2_879.mat,0.25833079745637566
new_2_88.mat,0.74396536102052291
new_2_880.mat,0.5
new_2_881.mat,0.0013138939543111839
new_2_882.mat,0.18106641419022904
new_2_883.mat,0.093825546665890644
new_2_884.mat,0.41641030137470464
new_2_885.mat,0.96711274391296964
new_2_886.mat,0.62988813165258573
new_2_887.mat,0.60281193541555622
new_2_888.mat,0.26460875422755714
new_2_889.mat,0.60234862963042801
new_2_89.mat,0.58891464462577903
new_2_890.mat,0.00044862751404053681
new_2_891.mat,0.74480480011761196
new_2_892.mat,0.15719221544676037
new_2_893.mat,0.35067919572806522
new_2_894.mat,0.32785035964539139
new_2_895.mat,0.14721027965256356
new_2_896.mat,0.33083512636728168
new_2_897.mat,0.22308479780368465
new_2_898.mat,0.25123936334732427
new_2_899.mat,0.82206455841082404
new_2_9.mat,0.24584131861262995
new_2_90.mat,0.84780578755907432
new_2_900.mat,0.11180902787827698
new_2_901.mat,0.62097950741715258
new_2_902.mat,0.1857131705911203
new_2_903.mat,0.73669259036817736
new_2_904.mat,0.582200383916188
new_2_905.mat,0.020418577487374419
new_2_906.mat,0.46006605400929362
new_2_907.mat,0.078090794280074136
new_2_908.mat,0.4519867683285485
new_2_909.mat,0.0019170303229742436
new_2_91.mat,0.01345021632742183
new_2_910.mat,0.1187589771847519
new_2_911.mat,0.53911776698282354
new_2_912.mat,0.77831278454424702
new_2_913.mat,0.29857955498547223
new_2_914.mat,0.084889072932099893
new_2_915.mat,0.1371408028606971
new_2_916.mat,0.85520660683743988
new_2_917.mat,0.80371657028896493
new_2_918.mat,0.08375615538470374
new_2_919.mat,0.32257876235555
new_2_92.mat,0.22201359909833324
new_2_920.mat,0.020584297975581835
new_2_921.mat,0.30846674540131164
new_2_922.mat,0.09129750421588205
new_2_923.mat,0.48342004849723341
new_2_924.mat,0.97070605370645746
new_2_925.mat,0.72252037287753879
new_2_926.mat,0.053423531981819178
new_2_927.mat,0.33833554783390901
new_2_928.mat,0.54355050252343273
new_2_929.mat,0.1340283983558915
new_2_93.mat,0.10497329304172681
new_2_930.mat,0.35405129493783266
new_2_931.mat,0.31057731177351966
new_2_932.mat,0.010359613087311099
new_2_933.mat,0.86584631601913553
new_2_934.mat,0.036676749259212285
new_2_935.mat,0.7184807883029205
new_2_936.mat,0.059789661532538271
new_2_937.mat,0.045825886707937573
new_2_938.mat,0.094369816586831717
new_2_939.mat,0.33224606335346374
new_2_94.mat,0.17073439247186234
new_2_940.mat,0.43169685491336623
new_2_941.mat,0.69789913553881777
new_2_942.mat,0.10636312398078968
new_2_943.mat,0.35256423377741347
new_2_944.mat,0.17112808789627632
new_2_945.mat,0.0162630932901222
new_2_946.mat,0.79155750604621733
new_2_947.mat,0.007755470775093502
new_2_948.mat,0.88189294436372001
new_2_949.mat,0.38445019595626512
new_2_95.mat,0.5712913944128315
new_2_950.mat,0.70377558862139544
new_2_951.mat,0.36819178800650187
new_2_952.mat,0.023718297758770414
new_2_953.mat,0.10850153661945688
new_2_954.mat,0.26000445314278925
new_2_955.mat,0.39697657079209914
new_2_956.mat,0.048573385824107251
new_2_957.mat,0.084746541940197581
new_2_958.mat,0.23496906020072983
new_2_959.mat,0.00075170432622720374
new_2_96.mat,0.78632207803053489
new_2_960.mat,0.22002601589356235
new_2_961.mat,0.43733364708831701
new_2_962.mat,0.014543303807126141
new_2_963.mat,0.087527273671414371
new_2_964.mat,0.66572436712597405
new_2_965.mat,0.44993466557473971
new_2_966.mat,0.074322740289713862
new_2_967.mat,0.5834794947950287
new_2_968.mat,0.14810577325786972
new_2_969.mat,0.64803226744983933
new_2_97.mat,0.078650279640808715
new_2_970.mat,0.41906184668514107
new_2_971.mat,0.52990022987289509
new_2_972.mat,0.073945649715042708
new_2_973.mat,0.27383362060411709
new_2_974.mat,0.095054874172453854
new_2_975.mat,0.43341076831891118
new_2_976.mat,0.043224441646647939
new_2_977.mat,0.64866811568704152
new_2_978.mat,0.44937982934968523
new_2_979.mat,0.68568391447128196
new_2_98.mat,0.16732885202890369
new_2_980.mat,0.59039670443923065
new_2_981.mat,0.36798081048805409
new_2_982.mat,0.16264360802658584
new_2_983.mat,0.4042101941399267
new_2_984.mat,0.0035184363736525432
new_2_985.mat,0.072333513487348608
new_2_986.mat,0.070677653782096367
new_2_987.mat,0.75696383579257531
new_2_988.mat,0.0045564780336381202
new_2_989.mat,0.22501112215471472
new_2_99.mat,0.22600868289402182
new_2_990.mat,0.066475758335881804
new_2_991.mat,0.62156996710042256
new_2_992.mat,0.15712859876047058
new_2_993.mat,0.79035077517521168
new_2_994.mat,0.17481413362636095
new_2_995.mat,0.31742838352801916
new_2_996.mat,0.000710445038308796
new_2_997.mat,0.1770325792606583
new_2_998.mat,0.37785137573218902
new_2_999.mat,0.2291684662062097
new_3_1.mat,0.73147131472985283
new_3_10.mat,0.77017298882047625
new_3_100.mat,0.46613935249318356
new_3_101.mat,0.84189502253950199
new_3_102.mat,0.40921199667569602
new_3_103.mat,0.26256602359133002
new_3_104.mat,0.97967052105289321
new_3_105.mat,0.35899828291867053
new_3_106.mat,0.066575679663864393
new_3_107.mat,0.52427995690901585
new_3_108.mat,0.42651265869118477
new_3_109.mat,0.73162594572007988
new_3_11.mat,0.13818534953916373
new_3_110.mat,0.24523601085949204
new_3_111.mat,0.56608944920784499
new_3_112.mat,0.48370524402627801
new_3_113.mat,0.69306337301926979
new_3_114.mat,0.52048937765253356
new_3_115.mat,0.21508031201768901
new_3_116.mat,0.61760820293898111
new_3_117.mat,0.095809647556738292
new_3_118.mat,0.32012862350356841
new_3_119.mat,0.31449041486992096
new_3_12.mat,0.13809929183614883
new_3_120.mat,0.5
new_3_121.mat,0.60735179379146709
new_3_122.mat,0.6806755298217273
new_3_123.mat,0.72097384395672115
new_3_124.mat,0.32890722360224278
new_3_125.mat,0.060653646308464863
new_3_126.mat,0.08281643660957512
new_3_127.mat,0.5134448974060124
new_3_128.mat,0.14133042846472288
new_3_129.mat,0.26710062333856499
new_3_13.mat,0.71343577187255858
new_3_130.mat,0.82463994666380935
new_3_131.mat,0.8852470310384104
new_3_132.mat,0.33181406340102015
new_3_133.mat,0.156421128236192
new_3_134.mat,0.17667167855586124
new_3_135.mat,0.042866223511441079
new_3_136.mat,0.11223633371828112
new_3_137.mat,0.28605780089252542
new_3_138.mat,0.60294097077862219
new_3_139.mat,0.42145876126285398
new_3_14.mat,0.088210356778879007
new_3_140.mat,0.17439534789126587
new_3_141.mat,0.22826753588032445
new_3_142.mat,0.4870394285941132
new_3_143.mat,0.14759230180721583
new_3_144.mat,0.4657130697221985
new_3_145.mat,0.32154167351775964
new_3_146.mat,0.3728757079098361
new_3_147.mat,0.57881254887119971
new_3_148.mat,0.78381329128651867
new_3_149.mat,0.056042642944861255
new_3_15.mat,0.32957431011771432
new_3_150.mat,0.29830709251489668
new_3_151.mat,0.64298771859380932
new_3_152.mat,0.15696658523525434
new_3_153.mat,0.28906823063610748
new_3_154.mat,0.4430413772498934
new_3_155.mat,0.9243803290986895
new_3_156.mat,0.31360352193097368
new_3_157.mat,0.57066526389567895
new_3_158.mat,0.12915074248235803
new_3_159.mat,0.17203424325498504
new_3_16.mat,0.10822566730299837
new_3_160.mat,0.23839153348577624
new_3_161.mat,0.87646322305088731
new_3_162.mat,0.55066910742069686
new_3_163.mat,0.36733942968647626
new_3_164.mat,0.55623819049477219
new_3_165.mat,0.92187399272107751
new_3_166.mat,0.64463684195053172
new_3_167.mat,0.81861848794966408
new_3_168.mat,0.36137372773627519
new_3_169.mat,0.9344721043173817
new_3_17.mat,0.53583142422828123
new_3_170.mat,0.20538867459553772
new_3_171.mat,0.57485555010275047
new_3_172.mat,0.32151818460243575
new_3_173.mat,0.87178629949734299
new_3_174.mat,0.49068961718779991
new_3_175.mat,0.36625470558956097
new_3_176.mat,0.10193369140135364
new_3_177.mat,0.54239485207746385
new_3_178.mat,0.24346505084807374
new_3_179.mat,0.44701179332602387
new_3_18.mat,0.94516768078450586
new_3_180.mat,0.82972069229714629
new_3_181.mat,0.57239926274107245
new_3_182.mat,0.90586950418350742
new_3_183.mat,0.28709551357492441
new_3_184.mat,0.11500612289417116
new_3_185.mat,0.81763736762960315
new_3_186.mat,0.58532402878987244
new_3_187.mat,0.13898034437752799
new_3_188.mat,0.16343620423455768
new_3_189.mat,0.87027217223109643
new_3_19.mat,0.72723558910902786
new_3_190.mat,0.30925354571557917
new_3_191.mat,0.96392792317847209
new_3_192.mat,0.12386132527993386
new_3_193.mat,0.094760218620352971
new_3_194.mat,0.24987327394462863
new_3_195.mat,0.93426555894398766
new_3_196.mat,0.09213467517591506
new_3_197.mat,0.14764728611369315
new_3_198.mat,0.64937977378701461
new_3_199.mat,0.30592942105906923
new_3_2.mat,0.61970607135342426
new_3_20.mat,0.51917613298671694
new_3_200.mat,0.26057106529317703
new_3_201.mat,0.37012803790518639
new_3_202.mat,0.64687962761677409
new_3_203.mat,0.18720248745528781
new_3_204.mat,0.12291312185015875
new_3_205.mat,0.081135989115445645
new_3_206.mat,0.39933233749559727
new_3_207.mat,0.53002272071436995
new_3_208.mat,0.51053694456809739
new_3_209.mat,0.82881297980369317
new_3_21.mat,0.94111888913020181
new_3_210.mat,0.87816658947587689
new_3_211.mat,0.19983169668111608
new_3_212.mat,0.185110430063681
new_3_213.mat,0.14443696580480736
new_3_214.mat,0.29191034930092463
new_3_215.mat,0.76769512497399017
new_3_216.mat,0.46696267220101956
new_3_217.mat,0.44400021198502015
new_3_218.mat,0.91300921634031718
new_3_219.mat,0.095890720431960494
new_3_22.mat,0.064821746867965227
new_3_220.mat,0.41071729920884348
new_3_221.mat,0.089372899567979863
new_3_222.mat,0.5
new_3_223.mat,0.64337856672750959
new_3_224.mat,0.80234821989768135
new_3_225.mat,0.074661517053529303
new_3_226.mat,0.090130005815156594
new_3_227.mat,0.74813759673709235
new_3_228.mat,0.2213020532857691
new_3_229.mat,0.53864622026039966
new_3_23.mat,0.58344611538498037
new_3_230.mat,0.37113054100696963
new_3_231.mat,0.32200294515940181
new_3_232.mat,0.47612183613105546
new_3_233.mat,0.31940668094962349
new_3_234.mat,0.10476685176913562
new_3_235.mat,0.19752219804810206
new_3_236.mat,0.35692265687549241
new_3_237.mat,0.81198656314902617
new_3_238.mat,0.92330683027106653
new_3_239.mat,0.25514497495710736
new_3_24.mat,0.62039303469154139
new_3_240.mat,0.079635011593751776
new_3_241.mat,0.11277528706250105
new_3_242.mat,0.61759878554244019
new_3_243.mat,0.73982715553145328
new_3_244.mat,0.55860234241375206
new_3_245.mat,0.33736600986399629
new_3_246.mat,0.060666934071306307
new_3_247.mat,0.11250533589706217
new_3_248.mat,0.91437120027565233
new_3_249.mat,0.13185384988675386
new_3_25.mat,0.89880387721894472
new_3_250.mat,0.084178332311760487
new_3_251.mat,0.5255472216143724
new_3_252.mat,0.43520842354338291
new_3_253.mat,0.97624129473738819
new_3_254.mat,0.34836149675535288
new_3_255.mat,0.86321440584581144
new_3_256.mat,0.067481646834294307
new_3_257.mat,0.53617959325464126
new_3_258.mat,0.42736434338866752
new_3_259.mat,0.29819370666746986
new_3_26.mat,0.14486373985377235
new_3_260.mat,0.72231359132138517
new_3_261.mat,0.22739863021878337
new_3_262.mat,0.14742828607339289
new_3_263.mat,0.61042673189763863
new_3_264.mat,0.3811495616644659
new_3_265.mat,0.95041005861858396
new_3_266.mat,0.2983596477940994
new_3_267.mat,0.19164511899587172
new_3_268.mat,0.46289962686436342
new_3_269.mat,0.93744260029300908
new_3_27.mat,0.4545412328773501
new_3_270.mat,0.64759152416681276
new_3_271.mat,0.12377934477072752
new_3_272.mat,0.38717834488786207
new_3_273.mat,0.067016477577937647
new_3_274.mat,0.37798349297214157
new_3_275.mat,0.3197623166027036
new_3_276.mat,0.23752585637427806
new_3_277.mat,0.70111923972293044
new_3_278.mat,0.22300803657593263
new_3_279.mat,0.67504749923616214
new_3_28.mat,0.64995204506216286
new_3_280.mat,0.88892282620759655
new_3_281.mat,0.068711747186580602
new_3_282.mat,0.38484887058697503
new_3_283.mat,0.90799524524653696
new_3_284.mat,0.52822756133270121
new_3_285.mat,0.92649598323229609
new_3_286.mat,0.63549403488605616
new_3_287.mat,0.81674832754488669
new_3_288.mat,0.11450601361831392
new_3_289.mat,0.56581444502199374
new_3_29.mat,0.89795238890141738
new_3_290.mat,0.45164601028178447
new_3_291.mat,0.16662739289845313
new_3_292.mat,0.46958457498045986
new_3_293.mat,0.93133974763773664
new_3_294.mat,0.43276017323513266
new_3_295.mat,0.11778495713689431
new_3_296.mat,0.26623734518074865
new_3_297.mat,0.62380043049531753
new_3_298.mat,0.63762133328332815
new_3_299.mat,0.42001350080759092
new_3_3.mat,0.20480565669439227
new_3_30.mat,0.16297942461372528
new_3_300.mat,0.54744419461844818
new_3_301.mat,0.3505388932688418
new_3_302.mat,0.57618364148168111
new_3_303.mat,0.097146470470401536
new_3_304.mat,0.5931758000696622
new_3_305.mat,0.33095858957275071
new_3_306.mat,0.59393567968994276
new_3_307.mat,0.95546764482645963
new_3_308.mat,0.23932957082178405
new_3_309.mat,0.26805595452705666
new_3_31.mat,0.33675745208514102
new_3_310.mat,0.87031978001497112
new_3_311.mat,0.32125893816036033
new_3_312.mat,0.5
new_3_313.mat,0.42738238575353465
new_3_314.mat,0.5
new_3_315.mat,0.44871393152865979
new_3_316.mat,0.33617596799750332
new_3_317.mat,0.34725755255329377
new_3_318.mat,0.7258554653777719
new_3_319.mat,0.40325733854589407
new_3_32.mat,0.85556682642504367
new_3_320.mat,0.7915742832792243
new_3_321.mat,0.7896738834824828
new_3_322.mat,0.44115188357157809
new_3_323.mat,0.13478496363089668
new_3_324.mat,0.87104525881293604
new_3_325.mat,0.26817382837731923
new_3_326.mat,0.26395813050911021
new_3_327.mat,0.098176883166866055
new_3_328.mat,0.32863574252390093
new_3_329.mat,0.14168633448187948
new_3_33.mat,0.17074404509412508
new_3_330.mat,0.42342859492063101
new_3_331.mat,0.29427078766284931
new_3_332.mat,0.61019943398739906
new_3_333.mat,0.36531745892385098
new_3_334.mat,0.23114423720596991
new_3_335.mat,0.78976072082020377
new_3_336.mat,0.93732971400074927
new_3_337.mat,0.97905318807250574
new_3_338.mat,0.27477728631539489
new_3_339.mat,0.41351933907931482
new_3_34.mat,0.51910844315005167
new_3_340.mat,0.14357738236068934
new_3_341.mat,0.17024412802969049
new_3_342.mat,0.15567761622506454
new_3_343.mat,0.35943820961516965
new_3_344.mat,0.62635308906261367
new_3_345.mat,0.10374599621694029
new_3_346.mat,0.10704571070583649
new_3_347.mat,0.6291285498077045
new_3_348.mat,0.8352510403591793
new_3_349.mat,0.13935056206103655
new_3_35.mat,0.63918951545394487
new_3_350.mat,0.82055312958594284
new_3_351.mat,0.30573972869670568
new_3_352.mat,0.30512300160136852
new_3_353.mat,0.36801306110539167
new_3_354.mat,0.69264151231972881
new_3_355.mat,0.41860939522047902
new_3_356.mat,0.61608070962621131
new_3_357.mat,0.30573020330888151
new_3_358.mat,0.37848578624015622
new_3_359.mat,0.76286077487527615
new_3_36.mat,0.94818438950929751
new_3_360.mat,0.72176128390305949
new_3_361.mat,0.25369300116902743
new_3_362.mat,0.51416599324475598
new_3_363.mat,0.95464698278484761
new_3_364.mat,0.57540108193060713
new_3_365.mat,0.64121274326574518
new_3_366.mat,0.52448856602555671
new_3_367.mat,0.72209994974046987
new_3_368.mat,0.66175468032671203
new_3_369.mat,0.085132439693084164
new_3_37.mat,0.76255440000322883
new_3_370.mat,0.46248155788913831
new_3_371.mat,0.83655063885528713
new_3_372.mat,0.31565399898561319
new_3_373.mat,0.041055156819596983
new_3_374.mat,0.47329088696356825
new_3_375.mat,0.6930831820799852
new_3_376.mat,0.87855483037190829
new_3_377.mat,0.20978283868665873
new_3_378.mat,0.35348759269936764
new_3_379.mat,0.47355462242019192
new_3_38.mat,0.5
new_3_380.mat,0.1179412538871154
new_3_381.mat,0.47922134487881146
new_3_382.mat,0.060644375601342844
new_3_383.mat,0.31631808609332057
new_3_384.mat,0.90806529867932995
new_3_385.mat,0.75801293040518614
new_3_386.mat,0.56239381409224587
new_3_387.mat,0.46673357690930506
new_3_388.mat,0.18956110613817317
new_3_389.mat,0.23461810422907711
new_3_39.mat,0.1166870141838946
new_3_390.mat,0.19755610302421936
new_3_391.mat,0.42951958358251702
new_3_392.mat,0.21920756852179923
new_3_393.mat,0.11932102606362795
new_3_394.mat,0.22578260276539411
new_3_395.mat,0.061779806945852576
new_3_396.mat,0.25209378966097773
new_3_397.mat,0.087481293411674613
new_3_398.mat,0.56227781456889991
new_3_399.mat,0.28258969496053526
new_3_4.mat,0.2740748981520077
new_3_40.mat,0.04845730585222581
new_3_400.mat,0.91106287450493406
new_3_401.mat,0.077746961591197913
new_3_402.mat,0.27001110311028886
new_3_403.mat,0.67700308373785045
new_3_404.mat,0.94313262904175843
new_3_405.mat,0.66559203613011153
new_3_406.mat,0.032353373563865938
new_3_407.mat,0.18522886221615764
new_3_408.mat,0.87065769261831061
new_3_409.mat,0.11832260185875987
new_3_41.mat,0.5
new_3_410.mat,0.216103889617735
new_3_411.mat,0.54425674876215202
new_3_412.mat,0.14569605119449267
new_3_413.mat,0.26370806693859239
new_3_414.mat,0.15877596307843417
new_3_415.mat,0.76041529021616516
new_3_416.mat,0.08241905498956309
new_3_417.mat,0.5065321668421745
new_3_418.mat,0.17178034164145831
new_3_419.mat,0.12988801600270458
new_3_42.mat,0.47853409122654905
new_3_420.mat,0.73742563297830144
new_3_421.mat,0.10323583329248187
new_3_422.mat,0.086196379680236912
new_3_423.mat,0.96952014144790066
new_3_424.mat,0.1771222926134394
new_3_425.mat,0.60846311764726624
new_3_426.mat,0.28906130226549148
new_3_427.mat,0.18875433963662389
new_3_428.mat,0.48330177411983166
new_3_429.mat,0.68512823215626084
new_3_43.mat,0.10272903344702328
new_3_430.mat,0.88111292948015352
new_3_431.mat,0.2616120093674591
new_3_432.mat,0.60518960843721559
new_3_433.mat,0.85023831460255617
new_3_434.mat,0.47839003460374691
new_3_435.mat,0.15909885203281818
new_3_436.mat,0.47373434087988725
new_3_437.mat,0.86346707205879603
new_3_438.mat,0.82248048954942787
new_3_439.mat,0.1531610504660311
new_3_44.mat,0.53254361362039415
new_3_440.mat,0.88445425362199015
new_3_441.mat,0.053199854004346313
new_3_442.mat,0.60894929365403827
new_3_443.mat,0.30120443797753627
new_3_444.mat,0.45664992979422009
new_3_445.mat,0.96228876016011344
new_3_446.mat,0.34474958563302849
new_3_447.mat,0.65412854848571855
new_3_448.mat,0.48724433320769073
new_3_449.mat,0.45697597776017623
new_3_45.mat,0.41822167396139637
new_3_450.mat,0.056446491649453368
new_3_451.mat,0.48794716690017531
new_3_452.mat,0.38309859844528471
new_3_453.mat,0.97588840291397905
new_3_454.mat,0.73052405294195621
new_3_455.mat,0.087607429775825502
new_3_456.mat,0.15169011615536851
new_3_457.mat,0.4284115948426066
new_3_458.mat,0.82621680208650139
new_3_459.mat,0.43295219524220779
new_3_46.mat,0.96225434667105159
new_3_460.mat,0.94861862743549485
new_3_461.mat,0.23330473884555339
new_3_462.mat,0.079526824259622181
new_3_463.mat,0.7319321706038755
new_3_464.mat,0.5756985289918406
new_3_465.mat,0.38052613137030239
new_3_466.mat,0.6098734575756467
new_3_467.mat,0.64370747601544631
new_3_468.mat,0.7379255533368263
new_3_469.mat,0.79718879188678726
new_3_47.mat,0.73911726786344323
new_3_470.mat,0.58088381260011435
new_3_471.mat,0.19964766403989373
new_3_472.mat,0.16721466353688189
new_3_473.mat,0.56389269469448056
new_3_474.mat,0.83399585974178381
new_3_475.mat,0.76631168599088428
new_3_476.mat,0.67228977420875391
new_3_477.mat,0.11995410312663898
new_3_478.mat,0.13740576114577077
new_3_479.mat,0.66799308359278708
new_3_48.mat,0.28340925099818309
new_3_480.mat,0.55599879925078588
new_3_481.mat,0.87602366923332475
new_3_482.mat,0.63071995076342136
new_3_483.mat,0.1747005911603248
new_3_484.mat,0.21490691329517839
new_3_485.mat,0.48262343253045198
new_3_486.mat,0.78479162719474305
new_3_487.mat,0.83846416014067693
new_3_488.mat,0.8898659044579682
new_3_489.mat,0.89293112445861478
new_3_49.mat,0.054595417878173264
new_3_490.mat,0.27038166488316856
new_3_491.mat,0.52144517579758609
new_3_492.mat,0.53041304886103291
new_3_493.mat,0.67412149013604328
new_3_494.mat,0.53148505623691367
new_3_495.mat,0.065521052206986174
new_3_496.mat,0.62188445738547216
new_3_497.mat,0.97500051596868809
new_3_498.mat,0.24565662448439612
new_3_499.mat,0.95587999775877697
new_3_5.mat,0.20564483191323835
new_3_50.mat,0.62475213227057347
new_3_500.mat,0.34336030684032798
new_3_501.mat,0.0077525564226488229
new_3_502.mat,0.10754544406381643
new_3_503.mat,0.65151699096779792
new_3_504.mat,0.24529364065324363
new_3_505.mat,0.46124445107303186
new_3_506.mat,0.17289340163759781
new_3_507.mat,0.82173209217971976
new_3_508.mat,0.19879821218545612
new_3_509.mat,0.94748373686838405
new_3_51.mat,0.50654064348734829
new_3_510.mat,0.59333658670318057
new_3_511.mat,0.19790136634415706
new_3_512.mat,0.91664934005668397
new_3_513.mat,0.014632757084189544
new_3_514.mat,0.028220505220459855
new_3_515.mat,0.69015150919002299
new_3_516.mat,0.18766869018706009
new_3_517.mat,0.76417916395768237
new_3_518.mat,0.54058295060781381
new_3_519.mat,0.9365634434717327
new_3_52.mat,0.055671794950552751
new_3_520.mat,0.21929676681238897
new_3_521.mat,0.37018743711224739
new_3_522.mat,0.88011015178266305
new_3_523.mat,0.12095017709838629
new_3_524.mat,0.77623927176526686
new_3_525.mat,0.21390477810851982
new_3_526.mat,0.85719503237252048
new_3_527.mat,0.57555000675438206
new_3_528.mat,0.77102624352261961
new_3_529.mat,0.47086985804752296
new_3_53.mat,0.92656458829512223
new_3_530.mat,0.98625689882627532
new_3_531.mat,0.58406130413329382
new_3_532.mat,0.39007762335397117
new_3_533.mat,0.58511953034521824
new_3_534.mat,0.19615439056868578
new_3_535.mat,0.25314855350370546
new_3_536.mat,0.72745132348225605
new_3_537.mat,0.92395652984330268
new_3_538.mat,0.066466572263196882
new_3_539.mat,0.65977408269825166
new_3_54.mat,0.67852567860460744
new_3_540.mat,0.30604674032283574
new_3_541.mat,0.51546610755932576
new_3_542.mat,0.86817957403572554
new_3_543.mat,0.30088763513098671
new_3_544.mat,0.99999999999996991
new_3_545.mat,0.16507904596418566
new_3_546.mat,0.72507016145964964
new_3_547.mat,0.93725917736143549
new_3_548.mat,0.15897542748292268
new_3_549.mat,0.24647856572408849
new_3_55.mat,0.19847452886521461
new_3_550.mat,0.95583398165591593
new_3_551.mat,0.42492013603393597
new_3_552.mat,0.60810630397047505
new_3_553.mat,0.28968746446375804
new_3_554.mat,0.67195269306765015
new_3_555.mat,0.048463249307785256
new_3_556.mat,0.073779430254869952
new_3_557.mat,0.22553753263151313
new_3_558.mat,0.2328685137270092
new_3_559.mat,0.94808992207101805
new_3_56.mat,0.39154645926564491
new_3_560.mat,0.41951505033114095
new_3_561.mat,0.5
new_3_562.mat,0.63997170677002724
new_3_563.mat,0.21131596940061798
new_3_564.mat,0.14526150895814255
new_3_565.mat,0.25501372494706714
new_3_566.mat,0.29169906072578072
new_3_567.mat,0.45097435120123514
new_3_568.mat,0.58059227429769844
new_3_569.mat,0.46533158262975222
new_3_57.mat,0.31285931605654965
new_3_570.mat,0.21347996326876795
new_3_571.mat,0.88647534637848213
new_3_572.mat,0.24512897543862219
new_3_573.mat,0.17406780363372065
new_3_574.mat,0.36922888174964896
new_3_575.mat,0.36458840514720464
new_3_576.mat,0.53879376356674002
new_3_577.mat,0.41598288508571929
new_3_578.mat,0.31401551363401192
new_3_579.mat,0.12127443509617472
new_3_58.mat,0.94078578322663187
new_3_580.mat,0.22745184593891779
new_3_581.mat,0.30746131899060958
new_3_582.mat,0.16681590054778811
new_3_583.mat,0.060795848937436829
new_3_584.mat,0.78906763620516729
new_3_585.mat,0.12072749967523488
new_3_586.mat,0.85070544784762614
new_3_587.mat,0.15988870345395312
new_3_588.mat,0.17011560131148262
new_3_589.mat,0.90447783104818458
new_3_59.mat,0.68765202768097244
new_3_590.mat,0.40963029706189485
new_3_591.mat,0.60810014995826767
new_3_592.mat,0.38000894218069836
new_3_593.mat,0.5
new_3_594.mat,0.37735778072835324
new_3_595.mat,0.61391453819530273
new_3_596.mat,0.21286124885819746
new_3_597.mat,0.1064566840075173
new_3_598.mat,0.5793075205820869
new_3_599.mat,0.67275062342693437
new_3_6.mat,0.62103373881729584
new_3_60.mat,0.14799439769856887
new_3_600.mat,0.24503040124020195
new_3_601.mat,0.1349138408491336
new_3_602.mat,0.73404332999053956
new_3_603.mat,0.05986267779337337
new_3_604.mat,0.10523882893990059
new_3_605.mat,0.29960388874296828
new_3_606.mat,0.42761508689375971
new_3_607.mat,0.069473780055417544
new_3_608.mat,0.015900189577718798
new_3_609.mat,0.94490401440572314
new_3_61.mat,0.17507833523387706
new_3_610.mat,0.074677614034137155
new_3_611.mat,0.061772502003859059
new_3_612.mat,0.43782623114232699
new_3_613.mat,0.66215877785141097
new_3_614.mat,0.67429911697896838
new_3_615.mat,0.093982532533145216
new_3_616.mat,0.94606543356361472
new_3_617.mat,0.457188287404107
new_3_618.mat,0.69191214510961319
new_3_619.mat,0.047841994525524408
new_3_62.mat,0.76366044552693779
new_3_620.mat,0.97756300636510307
new_3_621.mat,0.19282471506040486
new_3_622.mat,0.10823874947140227
new_3_623.mat,0.29498817024499746
new_3_624.mat,0.71394425087218083
new_3_625.mat,0.30966968932337846
new_3_626.mat,0.27322146440346756
new_3_627.mat,0.86182667648398659
new_3_628.mat,0.12583147855934299
new_3_629.mat,0.42373549333127192
new_3_63.mat,0.52967598792071824
new_3_630.mat,0.86616208137224115
new_3_631.mat,0.70671911868509307
new_3_632.mat,0.91822688746871162
new_3_633.mat,0.081536538982192069
new_3_634.mat,0.21774404501703207
new_3_635.mat,0.40955921184579924
new_3_636.mat,0.11327088058824546
new_3_637.mat,0.34973924237373455
new_3_638.mat,0.61866094937769855
new_3_639.mat,0.21916654435484934
new_3_64.mat,0.90736881101498779
new_3_640.mat,0.83982984930154425
new_3_641.mat,0.83220294181396171
new_3_642.mat,0.45162076885066338
new_3_643.mat,0.14259757905293916
new_3_644.mat,0.072846630068046939
new_3_645.mat,0.53390770202366333
new_3_646.mat,0.74496805150823087
new_3_647.mat,0.092660397684867862
new_3_648.mat,0.61044888166368527
new_3_649.mat,0.89756649646418096
new_3_65.mat,0.78368504956455987
new_3_650.mat,0.90773154812407553
new_3_651.mat,0.53259386837306799
new_3_652.mat,0.75200713319386558
new_3_653.mat,0.54384506568972746
new_3_654.mat,0.12765973266431949
new_3_655.mat,0.41368481375844268
new_3_656.mat,0.37137851415149448
new_3_657.mat,0.81439865844204451
new_3_658.mat,0.11958411687344037
new_3_659.mat,0.078866504932155954
new_3_66.mat,0.087534399043366504
new_3_660.mat,0.16821565526372859
new_3_661.mat,0.067534136255123556
new_3_662.mat,0.65132388438098943
new_3_663.mat,0.32864097426284311
new_3_664.mat,0.52414055606322874
new_3_665.mat,0.74052451939843655
new_3_666.mat,0.65309222039515702
new_3_667.mat,0.53002960765909901
new_3_668.mat,0.082481632741152944
new_3_669.mat,0.36177293406942701
new_3_67.mat,0.063060214914629542
new_3_670.mat,0.44570098228267191
new_3_671.mat,0.87749463022708363
new_3_672.mat,0.079160925901093082
new_3_673.mat,0.43091496294882514
new_3_674.mat,0.34781948362299586
new_3_675.mat,0.85844770576938567
new_3_676.mat,0.45061941204079176
new_3_677.mat,0.43158350707689835
new_3_678.mat,0.70759612971934138
new_3_679.mat,0.93880365598529725
new_3_68.mat,0.13516791589650054
new_3_680.mat,0.069425492986748161
new_3_681.mat,0.1555179685271682
new_3_682.mat,0.15785160778472843
new_3_683.mat,0.20681657945772028
new_3_684.mat,0.45007131223112573
new_3_685.mat,0.59392965731325154
new_3_686.mat,0.66629173045650025
new_3_687.mat,0.19603119985672263
new_3_688.mat,0.57004284997237831
new_3_689.mat,0.18590085670243467
new_3_69.mat,0.089175476931490277
new_3_690.mat,0.21442458687963653
new_3_7.mat,0.60451231852824083
new_3_70.mat,0.16760413313389719
new_3_71.mat,0.63432524487859254
new_3_72.mat,0.016788810920047279
new_3_73.mat,0.17843499773566973
new_3_74.mat,0.88075585595630768
new_3_75.mat,0.10725568621321668
new_3_76.mat,0.18256557189872516
new_3_77.mat,0.32036758421569062
new_3_78.mat,0.80574749073620733
new_3_79.mat,0.79535233676039729
new_3_8.mat,0.35881438041720548
new_3_80.mat,0.80659013534984703
new_3_81.mat,0.70332515060949941
new_3_82.mat,0.071145462741461052
new_3_83.mat,0.21777188532430733
new_3_84.mat,0.27487070687541015
new_3_85.mat,0.44394848647422774
new_3_86.mat,0.2799192971437145
new_3_87.mat,0.18178127216844367
new_3_88.mat,0.58304101800651909
new_3_89.mat,0.16790995424795713
new_3_9.mat,0.35432223908122484
new_3_90.mat,0.86113044466803845
new_3_91.mat,0.43910542770376182
new_3_92.mat,0.11069827231232802
new_3_93.mat,0.68953746575110164
new_3_94.mat,0.73824620266580843
new_3_95.mat,0.24276969534369994
new_3_96.mat,0.28816117924414836
new_3_97.mat,0.15364326302940665
new_3_98.mat,0.80648483233304913
new_3_99.mat,0.24128132764652188
